9bf105,127.0.0.1,GET,http://localhost:8000/web/index_dev.php/,1495334089,,200
e59608,127.0.0.1,GET,http://localhost:8000/web/index_dev.php/,1495334099,,200
246cd8,127.0.0.1,GET,http://localhost:8000/web/index_dev.php/,1495334126,,200
8d795d,127.0.0.1,GET,http://localhost:8000/web/index_dev.php/,1495334217,,200
6f62a3,127.0.0.1,GET,http://localhost:8000/web/index_dev.php/,1495334308,,200
3303fe,127.0.0.1,GET,http://localhost:8000/web/index_dev.php/,1495334430,,200
1a6574,127.0.0.1,GET,http://localhost:8000/web/index_dev.php/,1495334847,,200
efb557,127.0.0.1,GET,http://localhost:8000/web/index_dev.php/,1495335115,,200
1245fc,127.0.0.1,GET,http://localhost:8000/web/index_dev.php/,1495337589,,200
18c86c,127.0.0.1,GET,http://localhost:8000/web/index_dev.php/,1495337613,,200
69fb78,127.0.0.1,GET,http://localhost:8000/web/index_dev.php/,1495337712,,200
7167b5,127.0.0.1,GET,http://localhost:8000/web/index_dev.php/,1495337713,,200
1ca96d,127.0.0.1,GET,http://localhost:8000/web/index_dev.php/,1495339506,,200
b3b403,127.0.0.1,GET,http://localhost:8000/web/index_dev.php/,1495339506,,200
95aeea,127.0.0.1,GET,http://localhost:8000/web/index_dev.php/,1495341129,,200
0ff52f,127.0.0.1,GET,http://localhost:8000/web/index_dev.php/,1495341183,,200
4b9fa5,127.0.0.1,GET,http://localhost:8000/web/index_dev.php/,1495341412,,200
538441,127.0.0.1,GET,http://localhost:8000/web/index_dev.php/,1495341413,,200
8bc21b,127.0.0.1,GET,http://localhost:8000/web/index_dev.php/,1495342541,,200
c29782,127.0.0.1,GET,http://localhost:8000/web/index_dev.php/,1495343113,,200
ee79cb,127.0.0.1,GET,http://localhost:8000/web/index_dev.php/,1495343134,,200
e73490,127.0.0.1,GET,http://localhost:8000/web/index_dev.php/,1495343178,,200
3a78fa,127.0.0.1,GET,http://localhost:8000/web/index_dev.php/,1495343209,,200
27acfb,127.0.0.1,GET,http://localhost:8000/web/index_dev.php/,1495343230,,200
ceb5a0,127.0.0.1,GET,http://localhost:8000/web/index_dev.php/,1495343256,,200
4ee648,127.0.0.1,GET,http://localhost:8000/web/index_dev.php/,1495343278,,200
b70b4e,127.0.0.1,GET,http://localhost:8000/web/index_dev.php/,1495343289,,200
17e358,127.0.0.1,GET,http://localhost:8000/web/index_dev.php/,1495343319,,200
31809b,127.0.0.1,GET,http://localhost:8000/web/index_dev.php/,1495343327,,200
80f296,127.0.0.1,GET,http://localhost:8000/web/index_dev.php/,1495343369,,200
987893,127.0.0.1,GET,http://localhost:8000/web/index_dev.php/,1495343477,,200
b2888a,127.0.0.1,GET,http://localhost:8000/web/index_dev.php/,1495343493,,200
a59b4d,127.0.0.1,GET,http://localhost:8000/web/index_dev.php/,1495343522,,200
001a18,127.0.0.1,GET,http://localhost:8000/web/index_dev.php/,1495343535,,200
39561d,127.0.0.1,GET,http://localhost:8000/web/index_dev.php/,1495343575,,200
63b928,127.0.0.1,GET,http://localhost:8000/web/index_dev.php/,1495343682,,200
7df6d0,127.0.0.1,GET,http://localhost:8000/web/index_dev.php/,1495343895,,200
a1b31e,127.0.0.1,GET,http://localhost:8000/web/index_dev.php/,1495344108,,200
1bd8c0,127.0.0.1,GET,http://localhost:8000/web/index_dev.php/,1495344108,,200
f6128f,127.0.0.1,GET,http://localhost:8000/web/index_dev.php/?type=on,1495344111,,200
649480,127.0.0.1,GET,http://localhost:8000/web/index_dev.php/?type=on,1495344122,,200
d28232,127.0.0.1,GET,http://localhost:8000/web/index_dev.php/?type=on,1495344140,,200
6d0e12,127.0.0.1,GET,http://localhost:8000/web/index_dev.php/?type=on,1495344157,,200
b1e686,127.0.0.1,GET,http://localhost:8000/web/index_dev.php/?type=on,1495344158,,200
6ecf60,127.0.0.1,GET,http://localhost:8000/web/index_dev.php/?type=on,1495344158,,200
4e7937,127.0.0.1,GET,http://localhost:8000/web/index_dev.php/?type=on,1495344252,,200
4ef222,127.0.0.1,GET,http://localhost:8000/web/index_dev.php/?type=on,1495344521,,200
c6ec08,127.0.0.1,GET,http://localhost:8000/web/index_dev.php/?type=on,1495344522,,200
53d8df,127.0.0.1,GET,http://localhost:8000/web/index_dev.php/?type=on,1495344584,,200
20bfc7,127.0.0.1,GET,http://localhost:8000/web/index_dev.php/?type=on,1495345483,,200
1d1381,127.0.0.1,GET,http://localhost:8000/web/index_dev.php/?type=on,1495345484,,200
5aa5a6,127.0.0.1,GET,http://localhost:8000/web/index_dev.php/?type=on,1495345647,,200
cd6330,127.0.0.1,GET,http://localhost:8000/web/index_dev.php/?type=on,1495346149,,200
b433e8,127.0.0.1,GET,http://localhost:8000/web/index_dev.php/?type=on,1495346149,,200
2912f2,127.0.0.1,GET,http://localhost:8000/web/index_dev.php/?type=on,1495346291,,200
28df35,127.0.0.1,GET,http://localhost:8000/web/index_dev.php/?type=on,1495346548,,200
ac8293,127.0.0.1,GET,http://localhost:8000/web/index_dev.php/?type=on,1495346549,,200
6839cb,127.0.0.1,GET,http://localhost:8000/web/index_dev.php/?type=on,1495346755,,200
d53762,127.0.0.1,GET,http://localhost:8000/web/index_dev.php/?type=on,1495346755,,200
b9b72d,127.0.0.1,GET,http://localhost:8000/web/index_dev.php/?type=on,1495346803,,200
c43c53,127.0.0.1,GET,http://localhost:8000/web/index_dev.php/?type=on,1495347215,,200
43cb1c,127.0.0.1,GET,http://localhost:8000/web/index_dev.php/,1495347303,,200
5e0829,127.0.0.1,GET,http://localhost:8000/web/index_dev.php/,1495347367,,200
9ef457,127.0.0.1,GET,http://localhost:8000/web/index_dev.php/,1495347367,,200
daaaa7,127.0.0.1,GET,http://localhost:8000/web/index_dev.php/,1495347512,,200
2d47bb,127.0.0.1,GET,http://localhost:8000/web/index_dev.php/,1495347513,,200
524b89,127.0.0.1,GET,http://localhost:8000/web/index_dev.php/,1495347576,,200
8afcb1,127.0.0.1,GET,http://localhost:8000/web/index_dev.php/,1495347577,,200
9729da,127.0.0.1,GET,http://localhost:8000/web/index_dev.php/,1495347577,,200
d200d6,127.0.0.1,GET,http://localhost:8000/web/index_dev.php/,1495347614,,200
b8c7bb,127.0.0.1,GET,http://localhost:8000/web/index_dev.php/,1495347614,,200
2901fd,127.0.0.1,GET,http://localhost:8000/web/index_dev.php/,1495347640,,200
d21711,127.0.0.1,GET,http://localhost:8000/web/index_dev.php/,1495347655,,200
e211e4,127.0.0.1,GET,http://localhost:8000/web/index_dev.php/,1495347655,,200
